command,mean,stddev,median,user,system,min,max,parameter_size
./bench 10,0.0005023091600000001,0.000031203420638471347,0.00049300376,0.00034616666666666655,0.00021895266666666668,0.0004551782599999999,0.0006078202600000001,10
./bench 1000,0.0005141312600000001,0.0000263071749017325,0.0005054872599999999,0.0002772,0.0002959986666666667,0.00046682026,0.00058326726,1000
./bench 10000,0.0005651701599999999,0.00004366131536896565,0.00055492526,0.0004116333333333333,0.00022573733333333332,0.00052724326,0.0007640852600000001,10000
./bench 100000,0.0009090003933333332,0.000036173682642394076,0.00090024976,0.0004572666666666666,0.0005460833333333334,0.0008679392600000001,0.00100987526,100000
./bench 1000000,0.00197552466,0.00005723237195106302,0.0019559337600000004,0.0008116333333333333,0.0012612473333333334,0.0019101672600000002,0.00214227226,1000000
./bench 10000000,0.011783688126666667,0.00043173962108841463,0.01158940176,0.006955233333333333,0.004794026666666667,0.01137238626,0.01288522426,10000000
./bench 100000000,0.11527622990000004,0.0007394365209130464,0.11507440726000001,0.06896568,0.04623738,0.11412079126,0.11733821726000002,100000000
