command,mean,stddev,median,user,system,min,max,parameter_size
python3 main.py 10,0.015867450433333333,0.00017444729104091204,0.015790867700000003,0.012082653333333332,0.003793212666666666,0.0156608447,0.0163577077,10
python3 main.py 1000,0.015943526899999998,0.00017207623861861666,0.0159000017,0.011959119999999998,0.003978053333333333,0.015753297700000002,0.0164060247,1000
python3 main.py 10000,0.016463479766666667,0.0003873952139142284,0.0163875387,0.01241535333333333,0.00404922,0.0162201607,0.0184457727,10000
python3 main.py 100000,0.021441297933333332,0.00022934656408839135,0.0213733417,0.016104619999999993,0.005330253333333332,0.0211687537,0.0220929217,100000
python3 main.py 1000000,0.07106430379999999,0.0006557854543899796,0.0709579442,0.05217362,0.01883025333333333,0.0697623187,0.0724317787,1000000
python3 main.py 10000000,0.5432731654999999,0.006022468019743841,0.5413403937,0.40216212,0.14095001999999998,0.5368684037,0.5523976547,10000000
python3 main.py 100000000,5.301829860700001,0.09772882022759212,5.2586023187,3.94132212,1.3597286199999998,5.2507844017,5.4759160677,100000000
